{
  "meta": {
    "r_values": [
      1.5,
      2.0
    ],
    "durations_h": [
      0.0,
      0.25,
      0.5,
      0.75,
      1.0,
      1.25,
      1.5,
      1.75,
      2.0,
      2.25,
      2.5,
      2.75,
      3.0,
      3.25,
      3.5,
      3.75,
      4.0,
      4.25,
      4.5,
      4.75,
      5.0,
      5.25,
      5.5,
      5.75,
      6.0
    ],
    "buffer_limit_mb": 256
  },
  "occupancy_mb": {
    "1.5": [
      0.0,
      0.018476,
      0.008669,
      43.752969,
      38.011312,
      0.434563,
      3.568511,
      48.728784,
      20.633494,
      3.612544,
      5.893956,
      17.332769,
      20.321549,
      8.872229,
      8.872123,
      8.887267,
      13.850548,
      5.55173,
      13.527802,
      14.475738,
      91.516655,
      76.243246,
      60.197365,
      61.337536,
      61.235397
    ],
    "2.0": [
      0.0,
      45.459022,
      43.752969,
      38.011312,
      12.239934,
      59.024924,
      20.680264,
      4.964591,
      0.154278,
      20.38908,
      9.051104,
      8.935307,
      13.868354,
      5.636775,
      26.546843,
      91.522098,
      72.001208,
      60.320657,
      61.501887,
      94.176882,
      68.788123,
      89.483406,
      54.268315,
      42.546414,
      5.239137
    ]
  }
}