{
  "meta": {
    "r_values": [
      1,
      5,
      10,
      15,
      20,
      30
    ],
    "durations_h": [
      0.0,
      0.25,
      0.5,
      0.75,
      1.0,
      1.25,
      1.5,
      1.75,
      2.0,
      2.25,
      2.5,
      2.75,
      3.0,
      3.25,
      3.5,
      3.75,
      4.0,
      4.25,
      4.5,
      4.75,
      5.0,
      5.25,
      5.5,
      5.75,
      6.0
    ],
    "buffer_limit_mb": 256
  },
  "occupancy_mb": {
    "1": [
      0.0,
      0.069473,
      2.799302,
      2.807912,
      2.80975,
      2.886058,
      3.00345,
      3.049079,
      16.429215,
      16.376818,
      16.261907,
      16.270395,
      16.155966,
      16.163243,
      16.166994,
      16.157512,
      16.239974,
      16.23928,
      16.242892,
      16.196228,
      16.113389,
      16.078426,
      16.069988,
      16.115765,
      33.151455
    ],
    "5": [
      0.0,
      2.955531,
      16.605001,
      16.8317,
      17.037845,
      34.009846,
      44.201643,
      44.089921,
      43.967171,
      43.985638,
      61.531467,
      61.763062,
      61.897279,
      91.166888,
      92.642266,
      100.214613,
      101.612969,
      101.388787,
      101.506962,
      101.827088,
      101.970353,
      102.076437,
      101.953658,
      101.81762,
      101.916416
    ],
    "10": [
      0.0,
      16.605001,
      17.037845,
      44.813104,
      45.011476,
      62.458572,
      62.589912,
      93.291839,
      102.628354,
      102.457431,
      102.467266,
      102.344564,
      102.770713,
      104.093596,
      103.644788,
      110.367715,
      155.19956,
      159.722991,
      198.229732,
      208.078387,
      227.108516,
      232.754332,
      232.577401,
      232.588322,
      232.430483
    ],
    "15": [
      0.0,
      16.8317,
      44.813179,
      45.302922,
      63.634217,
      101.911164,
      103.107004,
      103.390919,
      103.267626,
      104.56118,
      111.206074,
      155.928687,
      198.563496,
      224.474935,
      233.494324,
      233.431011,
      232.900064,
      241.4071,
      246.269221,
      255.386325,
      255.554803,
      255.465401,
      255.390262,
      255.46909,
      255.705033
    ],
    "20": [
      0.0,
      17.037845,
      45.011476,
      63.634217,
      104.365292,
      104.175284,
      104.283011,
      104.996131,
      156.854217,
      199.363856,
      228.293847,
      234.262031,
      233.733127,
      242.050577,
      254.129681,
      255.803219,
      255.969545,
      255.534408,
      255.866317,
      255.988953,
      255.888387,
      255.824634,
      255.780738,
      255.920008,
      255.999576
    ],
    "30": [
      0.0,
      44.813179,
      63.634423,
      104.64557,
      106.019949,
      113.197022,
      200.715066,
      235.716131,
      234.918458,
      248.235986,
      255.05993,
      255.165387,
      255.647391,
      255.696161,
      255.606461,
      255.92411,
      255.91168,
      255.997011,
      255.770834,
      255.925319,
      255.781302,
      255.595922,
      255.9935,
      255.38448,
      255.349652
    ]
  },
  "overflow_mb": {
    "1": [
      0.0,
      0.0,
      0.0,
      0.0,
      0.0,
      0.0,
      0.0,
      0.0,
      0.0,
      0.0,
      0.0,
      0.0,
      0.0,
      0.0,
      0.0,
      0.0,
      0.0,
      0.0,
      0.0,
      0.0,
      0.0,
      0.0,
      0.0,
      0.0,
      0.0
    ],
    "5": [
      0.0,
      0.0,
      0.0,
      0.0,
      0.0,
      0.0,
      0.0,
      0.0,
      0.0,
      0.0,
      0.0,
      0.0,
      0.0,
      0.0,
      0.0,
      0.0,
      0.0,
      0.0,
      0.0,
      0.0,
      0.0,
      0.0,
      0.0,
      0.0,
      0.0
    ],
    "10": [
      0.0,
      0.0,
      0.0,
      0.0,
      0.0,
      0.0,
      0.0,
      0.0,
      0.0,
      0.0,
      0.0,
      0.0,
      0.0,
      0.0,
      0.0,
      0.0,
      0.0,
      0.0,
      0.0,
      0.0,
      0.0,
      0.0,
      0.0,
      0.0,
      0.0
    ],
    "15": [
      0.0,
      0.0,
      0.0,
      0.0,
      0.0,
      0.0,
      0.0,
      0.0,
      0.0,
      0.0,
      0.0,
      0.0,
      0.0,
      0.0,
      0.0,
      0.0,
      0.0,
      58.011975,
      193.203139,
      193.203139,
      204.80234,
      213.524113,
      221.523044,
      239.277696,
      241.221339
    ],
    "20": [
      0.0,
      0.0,
      0.0,
      0.0,
      0.0,
      0.0,
      0.0,
      0.0,
      0.0,
      0.0,
      0.0,
      0.0,
      0.0,
      58.011975,
      193.203139,
      204.876587,
      221.78018,
      239.57708,
      241.520723,
      253.002573,
      267.371769,
      293.199423,
      340.226012,
      411.580425,
      411.828432
    ],
    "30": [
      0.0,
      0.0,
      0.0,
      0.0,
      0.0,
      0.0,
      0.0,
      0.0,
      0.0,
      193.203139,
      206.669718,
      223.390422,
      243.088717,
      268.630904,
      294.309386,
      412.347206,
      412.514424,
      433.727044,
      485.806766,
      523.789409,
      536.160249,
      639.519725,
      689.494241,
      699.279632,
      724.802294
    ]
  }
}