{
  "meta": {
    "r_values": [
      1,
      1.5,
      2,
      5,
      10
    ],
    "durations_h": [
      0.0,
      0.25,
      0.5,
      0.75,
      1.0,
      1.25,
      1.5,
      1.75,
      2.0,
      2.25,
      2.5,
      2.75,
      3.0,
      3.25,
      3.5,
      3.75,
      4.0,
      4.25,
      4.5,
      4.75,
      5.0,
      5.25,
      5.5,
      5.75,
      6.0
    ],
    "buffer_limit_mb": 256
  },
  "occupancy_mb": {
    "1": [
      0.0,
      0.069473,
      2.799302,
      2.807912,
      2.80975,
      2.886058,
      3.00345,
      3.049079,
      16.429215,
      16.376818,
      16.261907,
      16.270395,
      16.155966,
      16.163243,
      16.166994,
      16.157512,
      16.239974,
      16.23928,
      16.242892,
      16.196228,
      16.113389,
      16.078426,
      16.069988,
      16.115765,
      33.151455
    ],
    "1.5": [
      0.0,
      2.799302,
      2.807912,
      2.80975,
      3.072923,
      16.429638,
      16.524437,
      16.532568,
      16.328468,
      16.266652,
      16.22272,
      16.399014,
      16.349785,
      16.259162,
      16.264689,
      16.085053,
      33.161493,
      33.191318,
      43.628013,
      43.683018,
      43.535608,
      43.505154,
      43.369706,
      43.390955,
      43.389515
    ],
    "2": [
      0.0,
      2.799302,
      2.80975,
      3.072923,
      16.509136,
      16.535528,
      16.591641,
      16.435361,
      16.4024,
      16.416346,
      16.359823,
      16.31934,
      33.271304,
      33.265146,
      43.754649,
      43.702389,
      43.548802,
      43.530106,
      43.403665,
      43.445911,
      43.460384,
      43.46772,
      43.550753,
      43.598184,
      59.585129
    ],
    "5": [
      0.0,
      2.955531,
      16.605001,
      16.8317,
      17.037845,
      34.009846,
      44.201643,
      44.089921,
      43.967171,
      43.985638,
      61.531467,
      61.763062,
      61.897279,
      91.166888,
      92.642266,
      100.214613,
      101.612969,
      101.388787,
      101.506962,
      101.827088,
      101.970353,
      102.076437,
      101.953658,
      101.81762,
      101.916416
    ],
    "10": [
      0.0,
      16.605001,
      17.037845,
      44.813104,
      45.011476,
      62.458572,
      62.589912,
      93.291839,
      102.628354,
      102.457431,
      102.467266,
      102.344564,
      102.770713,
      104.093596,
      103.644788,
      110.367715,
      155.19956,
      159.722991,
      198.229732,
      208.078387,
      227.108516,
      232.754332,
      232.577401,
      232.588322,
      232.430483
    ]
  },
  "overflow_mb": {
    "1": [
      0.0,
      0.0,
      0.0,
      0.0,
      0.0,
      0.0,
      0.0,
      0.0,
      0.0,
      0.0,
      0.0,
      0.0,
      0.0,
      0.0,
      0.0,
      0.0,
      0.0,
      0.0,
      0.0,
      0.0,
      0.0,
      0.0,
      0.0,
      0.0,
      0.0
    ],
    "1.5": [
      0.0,
      0.0,
      0.0,
      0.0,
      0.0,
      0.0,
      0.0,
      0.0,
      0.0,
      0.0,
      0.0,
      0.0,
      0.0,
      0.0,
      0.0,
      0.0,
      0.0,
      0.0,
      0.0,
      0.0,
      0.0,
      0.0,
      0.0,
      0.0,
      0.0
    ],
    "2": [
      0.0,
      0.0,
      0.0,
      0.0,
      0.0,
      0.0,
      0.0,
      0.0,
      0.0,
      0.0,
      0.0,
      0.0,
      0.0,
      0.0,
      0.0,
      0.0,
      0.0,
      0.0,
      0.0,
      0.0,
      0.0,
      0.0,
      0.0,
      0.0,
      0.0
    ],
    "5": [
      0.0,
      0.0,
      0.0,
      0.0,
      0.0,
      0.0,
      0.0,
      0.0,
      0.0,
      0.0,
      0.0,
      0.0,
      0.0,
      0.0,
      0.0,
      0.0,
      0.0,
      0.0,
      0.0,
      0.0,
      0.0,
      0.0,
      0.0,
      0.0,
      0.0
    ],
    "10": [
      0.0,
      0.0,
      0.0,
      0.0,
      0.0,
      0.0,
      0.0,
      0.0,
      0.0,
      0.0,
      0.0,
      0.0,
      0.0,
      0.0,
      0.0,
      0.0,
      0.0,
      0.0,
      0.0,
      0.0,
      0.0,
      0.0,
      0.0,
      0.0,
      0.0
    ]
  }
}