{
  "meta": {
    "r_values": [
      1.5,
      2.0
    ],
    "durations_h": [
      0.0,
      0.25,
      0.5,
      0.75,
      1.0,
      1.25,
      1.5,
      1.75,
      2.0,
      2.25,
      2.5,
      2.75,
      3.0,
      3.25,
      3.5,
      3.75,
      4.0,
      4.25,
      4.5,
      4.75,
      5.0,
      5.25,
      5.5,
      5.75,
      6.0
    ],
    "buffer_limit_mb": 256
  },
  "occupancy_mb": {
    "1.5": [
      0.0,
      2.799302,
      2.807912,
      2.80975,
      3.072923,
      16.429638,
      16.524437,
      16.532568,
      16.328468,
      16.266652,
      16.22272,
      16.399014,
      16.349785,
      16.259162,
      16.264689,
      16.085053,
      33.161493,
      33.191318,
      43.628013,
      43.683018,
      43.535608,
      43.505154,
      43.369706,
      43.390955,
      43.389515
    ],
    "2.0": [
      0.0,
      2.799302,
      2.80975,
      3.072923,
      16.509136,
      16.535528,
      16.591641,
      16.435361,
      16.4024,
      16.416346,
      16.359823,
      16.31934,
      33.271304,
      33.265146,
      43.754649,
      43.702389,
      43.548802,
      43.530106,
      43.403665,
      43.445911,
      43.460384,
      43.46772,
      43.550753,
      43.598184,
      59.585129
    ]
  }
}